/government/political_appointer/appointees./government/government_position_held/basic_title	1
/sports/pro_athlete/teams./american_football/football_historical_roster_position/position_s	2
/tv/tv_program/episodes	3
/government/government_office_category/officeholders./government/government_position_held/office_position_or_title	4
/base/activism/organization/area_of_activism	5
/award/award_category/nominees./award/award_nomination/nominated_for	6
/olympics/olympic_games/medals_awarded./olympics/olympic_medal_honor/country	7
/basketball/basketball_position/player_roster_position./basketball/basketball_roster_position/team	8
/government/politician/party./government/political_party_tenure/party	9
/food/dish/cuisine	10
/exhibitions/exhibition_sponsor/exhibitions_sponsored./exhibitions/exhibition_run/sponsor	11
/aviation/aircraft_type/aircraft_of_this_type	12
/computer/software/languages_used	13
/organization/organization/acquired_by./business/acquisition/acquiring_company	14
/organization/organization/phone_number./common/phone_number/category	15
/education/educational_institution/students_graduates./education/education/specialization	16
/government/political_district/representatives./government/government_position_held/jurisdiction_of_office	17
/visual_art/artwork/art_subject	18
/music/performance_role/regular_performances./music/group_membership/role	19
/award/hall_of_fame/discipline	20
/location/us_county/county_seat	21
/dining/restaurant/cuisine	22
/base/popstra/celebrity/vacations_in./base/popstra/vacation_choice/location	23
/government/government_office_category/officeholders./government/government_position_held/office_holder	24
/people/cause_of_death/includes_causes_of_death	25
/award/award_discipline/awards_in_this_discipline	26
/military/military_person/service./military/military_service/military_force	27
/film/film/dubbing_performances./film/dubbing_performance/actor	28
/astronomy/orbital_relationship/orbits	29
/government/government_office_or_title/office_holders./government/government_position_held/governmental_body	30
/architecture/architectural_style/examples	31
/base/x2010fifaworldcupsouthafrica/world_cup_participant/world_cup_team./base/x2010fifaworldcupsouthafrica/current_world_cup_squad/national_team	32
/geography/island_group/islands_in_group	33
/education/university/local_tuition./measurement_unit/dated_money_value/currency	34
/film/actor/dubbing_performances./film/dubbing_performance/film	35
/people/ethnicity/includes_groups	36
/visual_art/visual_artist/associated_periods_or_movements	37
/cvg/computer_videogame/designers	38
/business/board_member/leader_of./organization/leadership/organization	39
/sports/pro_athlete/teams./ice_hockey/hockey_roster_position/position	40
/base/schemastaging/tv_actor_extra/regular_dubbing_performances./base/schemastaging/tv_star_dubbing_performance/program	41
/base/popstra/product/sold_to./base/popstra/product_choice/consumer	42
/business/board_member/leader_of./organization/leadership/role	43
/government/governmental_body/offices_positions	44
/music/album/artist	45
/theater/theater_actor/theater_roles./theater/theater_role/role	46
/base/petbreeds/dog_breed_group/dog_breeds	47
/people/person/ethnicity	48
/language/language_writing_system/languages	49
/government/government_office_or_title/governmental_body_if_any	50
/cvg/game_character/games./cvg/game_performance/game	51
/fictional_universe/fictional_character/species	52
/award/award/category	53
/organization/organization_scope/organizations_with_this_scope	54
/computer/software/license	55
/film/film_character/portrayed_in_films_dubbed./film/dubbing_performance/film	56
/base/crime/convicted_criminal/convictions./base/crime/criminal_conviction/guilty_of	57
/people/person/religion	58
/location/hud_foreclosure_area/estimated_number_of_mortgages./measurement_unit/dated_integer/source	59
/people/person/education./education/education/major_field_of_study	60
/film/film_character/portrayed_in_films_dubbed./film/dubbing_performance/language	61
/religion/religion/practices	62
/aviation/aircraft_manufacturer/aircraft_models_made	63
/base/popstra/religion/membership./base/popstra/religion_choice/member	64
/people/person/employment_history./business/employment_tenure/company	65
/tv/tv_program/regular_personal_appearances./tv/tv_regular_personal_appearance/appearance_type	66
/base/folklore/mythical_creature/mythology	67
/film/film/distributors./film/film_film_distributor_relationship/distributor	68
/geography/island/body_of_water	69
/location/location/containedby	70
/baseball/baseball_team/historical_roster./baseball/baseball_historical_roster_position/player	71
/base/popstra/company/fashion_choice./base/popstra/fashion_choice/fashion_wearer	72
/book/written_work/subjects	73
/film/film_festival/location	74
/tv/tv_series_episode/producers./tv/tv_producer_episode_credit/producer	75
/business/job_title/people_with_this_title./business/employment_tenure/company	76
/language/human_language/main_country	77
/organization/non_profit_organization/registered_with./organization/non_profit_registration/registering_agency	78
/location/capital_of_administrative_division/capital_of./location/administrative_division_capital_relationship/administrative_division	79
/military/military_combatant/force_deployments./military/force_strength/combatant	80
/media_common/dedicatee/dedications./media_common/dedication/work_dedicated	81
/comic_books/comic_book_creator/characters_created	82
/government/governmental_jurisdiction/government_positions	83
/base/petbreeds/dog_breed/group	84
/astronomy/star_system_body/star_system	85
/base/argumentmaps/innovator/original_ideas	86
/law/invention/inventor	87
/government/governmental_body/members./government/government_position_held/legislative_sessions	88
/base/x2010fifaworldcupsouthafrica/world_cup_squad/current_world_cup_squad./base/x2010fifaworldcupsouthafrica/current_world_cup_squad/position	89
/education/school/lowest_grade_taught	90
/user/tsegaran/computer/algorithm/family	91
/people/appointer/appointment_made./people/appointment/appointee	92
/tv/tv_location/tv_shows_filmed_here	93
/cvg/gameplay_mode/games_with_this_mode	94
/broadcast/genre/content	95
/celebrities/sexual_orientation/celebrities./celebrities/sexual_orientation_phase/celebrity	96
/film/film/prequel	97
/base/schemastaging/tv_program_extra/regular_dubbing_performances./base/schemastaging/tv_star_dubbing_performance/character	98
/aviation/aircraft_model/number_owned_by./aviation/aircraft_ownership_count/aircraft_owner	99
/transportation/bridge/locale	100
/ice_hockey/hockey_player/hockey_position	101
/music/genre/parent_genre	102
/base/eating/diets/people_who_follow_this_diet	103
/base/schemastaging/tv_character_extra/regular_dubbing_performances./base/schemastaging/tv_star_dubbing_performance/actor	104
/media_common/dedicated_work/dedication./media_common/dedication/dedicated_by	105
/education/educational_institution/colors	106
/film/film_format/film_format	107
/base/petbreeds/dog_breed/cities_where_this_dog_is_popular./base/petbreeds/dog_city_relationship/cities	108
/time/event/instance_of_recurring_event	109
/government/government_office_category/officeholders./government/government_position_held/legislative_sessions	110
/baseball/baseball_player/lifetime_batting_statistics./baseball/lifetime_batting_statistics/starting_season	111
/government/governmental_body/members./government/government_position_held/basic_title	112
/people/family_member/family	113
/transportation/road/end2./transportation/road_starting_point/location	114
/government/governmental_body/members./government/government_position_held/office_position_or_title	115
/tv/tv_actor/guest_roles./tv/tv_guest_role/character	116
/royalty/monarch/royal_line	117
/sports/sport/related_equipment	118
/award/award_winning_work/awards_won./award/award_honor/award_winner	119
/location/statistical_region/gni_in_ppp_dollars./measurement_unit/dated_money_value/currency	120
/medicine/risk_factor/diseases	121
/sports/sports_league_draft/picks./sports/sports_league_draft_pick/team	122
/baseball/baseball_player/current_team./sports/sports_team_roster/position	123
/military/military_commander/military_commands./military/military_command/military_conflict	124
/sports/sports_position/players./american_football/football_historical_roster_position/player	125
/sports/pro_athlete/teams./ice_hockey/hockey_roster_position/team	126
/food/ingredient/compatible_with_dietary_restrictions	127
/user/tsegaran/random/taxonomy_subject/entry./user/tsegaran/random/taxonomy_entry/taxonomy	128
/medicine/disease/treatments	129
/soccer/football_player/current_team./soccer/football_roster_position/position	130
/military/military_combatant/casualties./military/casualties/military_conflict	131
/base/schemastaging/organization_extra/phone_number./base/schemastaging/phone_sandbox/product_or_service	132
/base/ecology/ecosystem/ecosystem_members	133
/medicine/disease_cause/diseases	134
/american_football/football_player/rushing./american_football/player_rushing_statistics/season	135
/projects/project_role/projects./projects/project_participation/participant	136
/sports/drafted_athlete/drafted./sports/sports_league_draft_pick/school	137
/fictional_universe/fictional_job_title/fictional_characters_with_this_job./fictional_universe/fictional_employment_tenure/employee	138
/base/infrastructure/power_plant_type/power_station	139
/sports/sports_team/arena_stadium	140
/film/special_film_performance_type/film_performance_type./film/performance/film	141
/base/aareas/schema/administrative_area/administrative_parent	142
/film/music_contributor/film	143
/film/film_location/featured_in_films	144
/tv/tv_personality/tv_regular_appearances./tv/tv_regular_personal_appearance/appearance_type	145
/celebrities/celebrity/sexual_relationships./celebrities/romantic_relationship/celebrity	146
/people/person/parents	147
/american_football/football_player/former_teams./sports/sports_team_roster/position	148
/biology/animal_breed/breed_of	149
/sports/drafted_athlete/drafted./sports/sports_league_draft_pick/draft	150
/location/country/form_of_government	151
/government/government_office_category/officeholders./government/government_position_held/jurisdiction_of_office	152
/tv/tv_producer/programs_produced./tv/tv_producer_term/producer_type	153
/geography/geographical_feature/category	154
/fictional_universe/fictional_character/based_on	155
/award/award_category/long_lists./award/long_list_nomination/nominee	156
/book/author/series_written_or_contributed_to	157
/people/person/employment_history./business/employment_tenure/title	158
/military/military_combatant/military_commanders./military/military_command/military_commander	159
/people/family/country	160
/business/business_operation/current_liabilities./measurement_unit/dated_money_value/currency	161
/education/academic/appointments_fellowships_etc./education/academic_post/institution	162
/music/artist/supporting_artists	163
/award/award_winner/awards_won./award/award_honor/honored_for	164
/music/artist/origin	165
/basketball/basketball_position/player_roster_position./sports/sports_team_roster/team	166
/influence/influence_node/peers./influence/peer_relationship/peers	167
/tv/tv_actor/starring_roles./tv/regular_tv_appearance/character	168
/soccer/football_player/position_s	169
/music/group_member/artists_supported	170
/tv/tv_program/regular_cast./tv/regular_tv_appearance/character	171
/comic_books/comic_book_character/primary_universe	172
/film/film/written_by	173
/transportation/road/major_cities	174
/law/court/judges./law/judicial_tenure/judge	175
/people/deceased_person/place_of_death	176
/base/schemastaging/person_extra/net_worth./measurement_unit/dated_money_value/currency	177
/sports/sports_team/roster./sports/sports_team_roster/position	178
/organization/endowed_organization/endowment./measurement_unit/dated_money_value/currency	179
/soccer/football_player/current_team./soccer/football_roster_position/team	180
/base/americancomedy/comedy_genre/comedians_in_this_genre	181
/education/field_of_study/subdisciplines	182
/base/events/festival_series/type_of_festival	183
/comic_books/comic_book_series/created_by	184
/film/film/executive_produced_by	185
/user/jg/default_domain/olympic_games/sports	186
/ice_hockey/hockey_team/current_roster./sports/sports_team_roster/position	187
/government/political_party/ideology	188
/base/yalebase/secret_society_member/belonged_to./base/yalebase/secret_society_membership/society	189
/baseball/baseball_player/lifetime_batting_statistics./baseball/lifetime_batting_statistics/ending_season	190
/music/instrument/variation	191
/government/governmental_jurisdiction/governing_officials./government/government_position_held/legislative_sessions	192
/broadcast/producer/produces	193
/fictional_universe/character_species/characters_of_this_species	194
/user/coco/science/concepts_theories/child_concept	195
/martial_arts/martial_artist/martial_art	196
/olympics/olympic_participating_country/medals_won./olympics/olympic_medal_honor/medal	197
/food/diet_follower/follows_diet	198
/aviation/airport/focus_city_for	199
/film/film_festival_event/festival	200
/base/popstra/business_location/customer./base/popstra/hangout/customer	201
/tv/tv_actor/starring_roles./tv/regular_tv_appearance/seasons	202
/computer/software/compatible_oses./computer/software_compatibility/operating_system	203
/award/award_category/nominees./award/award_nomination/award_nominee	204
/government/form_of_government/countries	205
/tv/tv_personality/tv_regular_appearances./tv/tv_regular_personal_appearance/program	206
/location/statistical_region/places_exported_to./location/imports_and_exports/exported_to	207
/fictional_universe/fictional_character/powers_or_abilities	208
/base/petbreeds/dog_coat_color/dog_breeds	209
/basketball/basketball_player/position_s	210
/education/academic/research_areas	211
/education/school/highest_grade_taught	212
/comic_books/comic_book_series/featured_characters	213
/film/film_distributor/films_distributed./film/film_film_distributor_relationship/film	214
/business/employer/employees./business/employment_tenure/title	215
/organization/organization/headquarters./location/mailing_address/citytown	216
/user/tsegaran/random/subject_taxonomy/entry./user/tsegaran/random/taxonomy_entry/subject	217
/media_common/media_genre/parent_genre	218
/aviation/airport/hub_for	219
/baseball/baseball_player/current_team./baseball/baseball_roster_position/team	220
/sports/sports_team/roster./ice_hockey/hockey_roster_position/position	221
/basketball/basketball_team/historical_roster./sports/sports_team_roster/player	222
/base/americancomedy/comedy_group_member/belongs_to./base/americancomedy/comedy_group_membership/group	223
/award/long_list_nominee/long_list_nominations./award/long_list_nomination/award	224
/sports/sports_league/sport	225
/book/periodical_subject/periodicals	226
/book/periodical/publisher./book/periodical_publisher_period/publisher	227
/people/cause_of_death/people	228
/organization/organization/leadership./organization/leadership/role	229
/film/film/sequel	230
/media_common/media_genre/child_genres	231
/user/alexander/philosophy/era/philosophers	232
/education/educational_degree/people_with_this_degree./education/education/institution	233
/sports/sports_team/roster./american_football/football_roster_position/position	234
/people/cause_of_death/parent_cause_of_death	235
/visual_art/art_period_movement/associated_artists	236
/dining/cuisine/dishes	237
/base/americancomedy/comedian/comedy_genres	238
/award/hall_of_fame_inductee/hall_of_fame_inductions./award/hall_of_fame_induction/category	239
/fictional_universe/fictional_character/parents	240
/education/school_category/schools_of_this_kind	241
/film/film_distribution_medium/films_distributed_in_this_medium./film/film_film_distributor_relationship/film	242
/base/localfood/seasonal_month/produce_available./base/localfood/produce_availability/seasonal_months	243
/film/film_casting_director/films_casting_directed	244
/baseball/baseball_team/league	245
/base/fashionmodels/hair_color/fashion_models_with_this_hair_color	246
/base/collectives/collective/members./base/collectives/collective_membership/member	247
/base/contractbridge/bridge_player/first_place_finish./base/contractbridge/bridge_tournament_standings/tournament	248
/transportation/bridge_type/bridges_of_this_type	249
/royalty/system_of_nobility/titles./royalty/system_title_relationship/title	250
/sports/multi_event_tournament/sports	251
/medicine/disease/parent_disease	252
/base/contractbridge/bridge_player/teammates./base/contractbridge/bridge_player_teammates/teammate	253
/architecture/structure/architectural_style	254
/american_football/football_player/games./american_football/player_game_statistics/team	255
/medicine/drug_ingredient/more_specific_ingredient	256
/royalty/royal_line/monarchs_from_this_line	257
/base/popstra/celebrity/religion./base/popstra/religion_choice/religion	258
/base/locations/countries/continent	259
/film/special_film_performance_type/film_performance_type./film/performance/character	260
/biology/domesticated_animal/breeds	261
/sports/professional_sports_team/owner_s	262
/geography/lake/basin_countries	263
/common/topic/webpage./common/webpage/topic	264
/film/film/language	265
/people/person/places_lived./people/place_lived/location	266
/sports/professional_sports_team/draft_picks./sports/sports_league_draft_pick/player	267
/biology/breed_registry/recognized_breeds./biology/breed_registration/breed	268
/american_football/football_team/current_roster./american_football/football_roster_position/position	269
/tv/tv_program/genre	270
/protected_sites/natural_or_cultural_site_designation/sites./protected_sites/natural_or_cultural_site_listing/listed_site	271
/sports/sports_award_winner/awards./sports/sports_award/award	272
/tv/special_tv_performance_type/starring_performances./tv/regular_tv_appearance/series	273
/tv/special_tv_performance_type/starring_performances./tv/regular_tv_appearance/character	274
/celebrities/celebrity/sexual_orientation./celebrities/sexual_orientation_phase/sexual_orientation	275
/architecture/building/building_function	276
/book/magazine/genre	277
/government/politician/government_positions_held./government/government_position_held/basic_title	278
/organization/organization/child./organization/organization_relationship/child	279
/location/location/partially_contains	280
/time/event/included_in_event	281
/american_football/football_coach/coaching_history./american_football/football_historical_coach_position/team	282
/music/conducted_ensemble/conductors./music/conducting_tenure/conductor	283
/base/saturdaynightlive/snl_cast_member/seasons./base/saturdaynightlive/snl_season_tenure/cast_members	284
/location/statistical_region/gdp_real./measurement_unit/adjusted_money_value/adjustment_currency	285
/soccer/football_position/players	286
/government/politician/government_positions_held./government/government_position_held/governmental_body	287
/food/ingredient/dishes	288
/ice_hockey/hockey_team/current_roster./sports/sports_team_roster/player	289
/business/employer/employees./business/employment_tenure/person	290
/computer/operating_system/parent_os	291
/olympics/olympic_participating_country/olympics_participated_in	292
/travel/travel_destination/how_to_get_here./travel/transportation/mode_of_transportation	293
/organization/organization/board_members./organization/organization_board_membership/member	294
/visual_art/visual_art_form/artworks	295
/american_football/football_team/current_roster./american_football/football_roster_position/player	296
/media_common/netflix_genre/titles	297
/music/group_member/vocal_range	298
/education/university/fraternities_and_sororities	299
/business/business_operation/current_assets./measurement_unit/dated_money_value/currency	300
/location/neighborhood/neighborhood_of	301
/symbols/name_source/namesakes	302
/biology/organism_classification/higher_classification	303
/fictional_universe/fictional_character/rank	304
/base/usnationalparks/us_national_park/state	305
/government/legislative_session/members./government/government_position_held/legislative_sessions	306
/award/award_category/disciplines_or_subjects	307
/base/culturalevent/event/entity_involved	308
/business/company_type/companies_of_this_type	309
/soccer/football_team/league./soccer/football_league_participation/league	310
/architecture/structure/address./location/mailing_address/state_province_region	311
/film/film/genre	312
/fictional_universe/fictional_character/occupation	313
/tv/tv_actor/starring_roles./tv/regular_tv_appearance/series	314
/travel/travel_destination/tourist_attractions	315
/tv/tv_program/recurring_writers./tv/tv_program_writer_relationship/writer	316
/education/educational_degree/people_with_this_degree./education/education/student	317
/time/recurring_event/instances	318
/royalty/kingdom/rulers	319
/government/political_district/representatives./government/government_position_held/legislative_sessions	320
/tv/tv_program/tv_producer./tv/tv_producer_term/producer	321
/sports/sports_team/roster./basketball/basketball_roster_position/position	322
/base/aareas/schema/administrative_area/administrative_children	323
/education/educational_institution/campuses	324
/film/film/film_series	325
/astronomy/celestial_object_category/objects	326
/ice_hockey/hockey_player/current_team./sports/sports_team_roster/position	327
/location/country/second_level_divisions	328
/sports/sports_team_location/teams	329
/film/film/film_format	330
/base/americancomedy/impersonated_celebrity/impersonated_by	331
/user/lindenb/default_domain/scientist/known_for	332
/film/film/gross_revenue./measurement_unit/dated_money_value/currency	333
/dining/cuisine/restaurant	334
/cvg/computer_game_subject/games	335
/film/film_series/films_in_series	336
/location/administrative_division/second_level_division_of	337
/government/political_district/representatives./government/government_position_held/basic_title	338
/cvg/computer_videogame/game_series	339
/cvg/computer_videogame/subjects	340
/biology/breed_origin/breeds_originating_here	341
/comic_books/comic_book_fictional_universe/characters_primarily_appearing_in_this_universe	342
/tv/tv_producer/tv_episodes_produced./tv/tv_producer_episode_credit/episode	343
/base/nobelprizes/nobel_prize_winner/nobel_honor./base/nobelprizes/nobel_honor/subject_area	344
/metropolitan_transit/transit_service_type/transit_lines	345
/sports/pro_athlete/teams./sports/sports_team_roster/position	346
/award/ranked_item/appears_in_ranked_lists./award/ranking/list	347
/computer/computer/manufacturer	348
/food/dietary_restriction/compatible_ingredients	349
/food/ingredient/incompatible_with_dietary_restrictions	350
/organization/organization/leadership./organization/leadership/person	351
/theater/play/country_of_origin	352
/film/film/release_date_s./film/film_regional_release_date/film_release_region	353
/organization/organization/headquarters./location/mailing_address/state_province_region	354
/base/x2010fifaworldcupsouthafrica/world_cup_squad/current_world_cup_squad./base/x2010fifaworldcupsouthafrica/current_world_cup_squad/players	355
/base/schemastaging/tv_actor_extra/regular_dubbing_performances./base/schemastaging/tv_star_dubbing_performance/character	356
/organization/organization/involved_in_merger./organization/organization_merger/organizations_merging	357
/music/conductor/groups./music/conducting_tenure/ensemble	358
/sports/pro_athlete/teams./sports/sports_team_roster/team	359
/film/film/story_by	360
/tv/tv_program/country_of_origin	361
/military/military_conflict/commanders./military/military_command/military_combatant	362
/broadcast/artist/content	363
/government/political_appointer/appointees./government/government_position_held/governmental_body	364
/common/resource/annotations./common/webpage/category	365
/business/consumer_company/brands./business/company_brand_relationship/brand	366
/base/localfood/produce/availability./base/localfood/produce_availability/location	367
/broadcast/content/language	368
/astronomy/star_system/planetary_system	369
/location/country/languages_spoken	370
/music/performance_role/guest_performances./music/recording_contribution/contributor	371
/government/government_office_category/officeholders./government/government_position_held/district_represented	372
/american_football/football_player/former_teams./american_football/football_historical_roster_position/team	373
/government/political_district/representatives./government/government_position_held/office_holder	374
/cvg/computer_videogame/publisher	375
/sports/drafted_athlete/drafted./sports/sports_league_draft_pick/team	376
/user/coco/science/concepts_theories/parent_concept	377
/base/fashionmodels/fashion_model/hair_color	378
/royalty/chivalric_order_member/belongs_to_order./royalty/chivalric_order_membership/order	379
/base/nobelprizes/nobel_subject_area/nobel_awards./base/nobelprizes/nobel_honor/nobel_prize_winner	380
/military/military_combatant/military_commanders./military/military_command/military_conflict	381
/architecture/type_of_museum/museums	382
/computer/programming_language_paradigm/languages	383
/organization/organization/board_members./organization/organization_board_membership/role	384
/cvg/computer_videogame/prequel	385
/computer/software_developer/software	386
/military/armed_force/military_posts./military/military_post_use/military_post	387
/award/ranked_list/ranked_list_items./award/ranking/item	388
/base/bioventurist/bv_medical_condition/company_involved	389
/film/person_or_entity_appearing_in_film/films./film/personal_film_appearance/film	390
/olympics/olympic_athlete/medals_won./olympics/olympic_medal_honor/olympics	391
/sports/sports_team/roster./baseball/baseball_roster_position/player	392
/education/school_mascot/school	393
/base/ecology/food_web_member/belongs_to_ecosystem_s	394
/medicine/disease/symptoms	395
/education/field_of_study/students_majoring./education/education/minor	396
/basketball/basketball_player/team./sports/sports_team_roster/team	397
/theater/play/genre	398
/sports/sports_team/roster./american_football/football_historical_roster_position/position_s	399
/location/country/administrative_divisions	400
/architecture/museum/address./location/mailing_address/citytown	401
/sports/sports_position/players./american_football/football_roster_position/team	402
/language/human_language/writing_system	403
/sports/pro_athlete/teams./ice_hockey/hockey_previous_roster_position/team	404
/baseball/baseball_team/current_roster./sports/sports_team_roster/position	405
/fictional_universe/fictional_universe/works_set_here	406
/base/endorsements/endorsee/newspaper_endorsements./base/endorsements/newspaper_endorsement/newspaper	407
/education/school_district/locations_served	408
/fictional_universe/ethnicity_in_fiction/characters_of_this_ethnicity	409
/theater/theatrical_lyricist/play_lyrics_written	410
/user/alexander/philosophy/philosopher/interests	411
/base/popstra/celebrity/canoodled./base/popstra/canoodled/participant	412
/geography/body_of_water/islands	413
/base/endorsements/endorsing_newspaper/endorsements./base/endorsements/newspaper_endorsement/endorsee	414
/base/patronage/client/related_patron./base/patronage/patron_client_relationship/patron	415
/film/film_genre/films_in_this_genre	416
/music/genre/artists	417
/music/performance_role/guest_performances./music/recording_contribution/performance_role	418
/sports/sports_award_type/winners./sports/sports_award/award_winner	419
/music/artist/genre	420
/award/award_winning_work/awards_won./award/award_honor/award	421
/government/legislative_session/members./government/government_position_held/governmental_body	422
/olympics/olympic_participating_country/athletes./olympics/olympic_athlete_affiliation/olympics	423
/tv/special_tv_performance_type/episode_performances./tv/tv_guest_role/actor	424
/organization/organization/geographic_scope	425
/olympics/olympic_athlete/medals_won./olympics/olympic_medal_honor/country	426
/user/tsegaran/computer/algorithm_family/algorithm	427
/olympics/olympic_participating_country/athletes./olympics/olympic_athlete_affiliation/sport	428
/people/ethnicity/people	429
/music/performance_role/track_performances./music/track_contribution/contributor	430
/tv/tv_producer/programs_produced./tv/tv_producer_term/program	431
/organization/organization/legal_structure	432
/computer/programming_language/influenced	433
/government/political_ideology/political_parties	434
/sports/pro_athlete/teams./american_football/football_roster_position/position	435
/location/location/nearby_airports	436
/book/book_subject/works	437
/award/award_category/winners./award/award_honor/ceremony	438
/soccer/football_team/current_roster./sports/sports_team_roster/player	439
/film/director/film	440
/location/hud_county_place/county	441
/location/hud_foreclosure_area/total_90_day_vacant_residential_addresses./measurement_unit/dated_integer/source	442
/tv/tv_network/programs./tv/tv_network_duration/program	443
/sports/sports_league_season/awards./sports/sports_award/award_winner	444
/base/popstra/celebrity/hangout./base/popstra/hangout/business_location	445
/basketball/basketball_player/team./sports/sports_team_roster/position	446
/architecture/architectural_style/architects	447
/common/topic/subjects	448
/book/newspaper/owner	449
/soccer/football_team/current_roster./soccer/football_roster_position/position	450
/tv/tv_program/original_network./tv/tv_network_duration/network	451
/user/hangy/default_domain/sports_team_gender/gender	452
/american_football/football_team/historical_roster./sports/sports_team_roster/player	453
/media_common/dedicatee/dedications./media_common/dedication/dedicated_by	454
/media_common/literary_genre/books_in_this_genre	455
/music/instrument/family	456
/sports/tournament_event_competitor/events_competed_in./sports/competitor_competition_relationship/country	457
/book/newspaper/headquarters./location/mailing_address/citytown	458
/people/person/gender	459
/location/statistical_region/rent50_3./measurement_unit/dated_money_value/currency	460
/education/field_of_study/students_majoring./education/education/major_field_of_study	461
/medicine/medical_treatment/used_to_treat	462
/soccer/football_team/current_roster./sports/sports_team_roster/position	463
/protected_sites/listed_site/designation_as_natural_or_cultural_site./protected_sites/natural_or_cultural_site_listing/designation	464
/government/governmental_jurisdiction/governing_officials./government/government_position_held/governmental_body	465
/sports/sports_team/sport	466
/education/educational_institution/students_graduates./education/education/minor	467
/film/film_set_designer/film_sets_designed	468
/base/activism/activism_issue/activists	469
/metropolitan_transit/transit_system/area_served	470
/olympics/olympic_sport/athletes./olympics/olympic_athlete_affiliation/country	471
/business/business_operation/industry	472
/sports/sport/pro_athletes./sports/pro_sports_played/athlete	473
/military/military_combatant/force_deployments./military/force_strength/military_conflict	474
/religion/deity/deity_of	475
/theater/theater_genre/plays_in_this_genre	476
/american_football/football_player/passing./american_football/player_passing_statistics/team	477
/american_football/football_coach/coaching_history./american_football/football_historical_coach_position/position	478
/film/actor/film./film/performance/special_performance_type	479
/business/brand/owner_s./business/company_brand_relationship/company	480
/tv/tv_program_guest/appeared_on./tv/tv_guest_personal_appearance/appearance_type	481
/common/annotation_category/annotations	482
/sports/pro_athlete/teams./baseball/baseball_roster_position/position	483
/sports/sports_facility/teams	484
/people/person/children	485
/tv/tv_program/program_creator	486
/sports/pro_athlete/teams./soccer/football_roster_position/position	487
/organization/role/leaders./organization/leadership/person	488
/base/contractbridge/bridge_tournament/standing./base/contractbridge/bridge_tournament_standings/first_place	489
/cvg/game_character/games./cvg/game_performance/voice_actor	490
/award/award_nominee/award_nominations./award/award_nomination/award	491
/base/academyawards/host_of_oscar_show/oscar_show_hosted	492
/music/voice/singers	493
/baseball/baseball_team/current_roster./baseball/baseball_roster_position/player	494
/people/marriage_union_type/unions_of_this_type./people/marriage/spouse	495
/award/award_ceremony/awards_presented./award/award_honor/honored_for	496
/people/profession/specializations	497
/base/biblioness/bibs_location/country	498
/tv/tv_writer/tv_programs./tv/tv_program_writer_relationship/tv_program	499
/award/award_category/presenting_organization	500
/sports/sports_position/players./basketball/basketball_roster_position/player	501
/language/language_dialect/language	502
/venture_capital/venture_investor/investments./venture_capital/venture_investment/company	503
/award/competition/instance_of_recurring_competition	504
/time/event/locations	505
/film/film_job/films_with_this_crew_job./film/film_crew_gig/crewmember	506
/film/film/film_art_direction_by	507
/sports/sports_position/players./soccer/football_roster_position/player	508
/computer/software/developer	509
/fictional_universe/work_of_fiction/part_of_these_fictional_universes	510
/award/award_category/winners./award/award_honor/honored_for	511
/astronomy/celestial_object/category	512
/sports/sports_team/colors	513
/people/person/languages	514
/sports/sports_position/players./baseball/baseball_roster_position/team	515
/baseball/baseball_team/historical_roster./sports/sports_team_roster/player	516
/base/fight/crime_type/victims_of_this_crime_type	517
/music/artist/album	518
/broadcast/radio_station/owner	519
/book/written_work/author	520
/tennis/tennis_tournament_champion/tennis_titles./tennis/tennis_tournament_championship/winner	521
/award/award_nominee/award_nominations./award/award_nomination/award_nominee	522
/location/statistical_region/rent50_4./measurement_unit/dated_money_value/currency	523
/government/governmental_body/members./government/government_position_held/district_represented	524
/baseball/baseball_position/players	525
/sports/sports_team/roster./ice_hockey/hockey_roster_position/player	526
/spaceflight/space_agency/astronauts	527
/exhibitions/exhibition_venue/exhibitions_at_this_venue./exhibitions/exhibition_run/sponsor	528
/user/alexander/philosophy/subject/philosophers	529
/film/film/distributors./film/film_film_distributor_relationship/film_distribution_medium	530
/tv/tv_series_season/series	531
/soccer/football_player/matches_played./soccer/football_player_match_participation/team	532
/music/concert_tour/artist	533
/fictional_universe/fictional_character/siblings./fictional_universe/sibling_relationship_of_fictional_characters/siblings	534
/people/person/nationality	535
/american_football/football_team/historical_roster./sports/sports_team_roster/position	536
/film/film/costume_design_by	537
/people/appointer/appointment_made./people/appointment/appointed_role	538
/common/topic/subject_of	539
/people/ethnicity/geographic_distribution	540
/people/ethnicity/languages_spoken	541
/visual_art/visual_art_form/artists	542
/government/politician/government_positions_held./government/government_position_held/jurisdiction_of_office	543
/government/governmental_jurisdiction/governing_officials./government/government_position_held/appointed_by	544
/baseball/baseball_team/current_roster./sports/sports_team_roster/player	545
/film/film/release_date_s./film/film_regional_release_date/film_regional_debut_venue	546
/business/business_operation/operating_income./measurement_unit/dated_money_value/currency	547
/government/governmental_jurisdiction/governing_officials./government/government_position_held/office_holder	548
/religion/religion/texts	549
/internet/website/category	550
/location/location/contains	551
/medicine/drug_ingredient/active_moiety_of_drug	552
/sports/pro_athlete/teams./american_football/football_historical_roster_position/team	553
/organization/organization/spun_off_from./organization/organization_spin_off/parent_company	554
/base/events/type_of_festival/recurring_festivals_of_this_type	555
/travel/transport_operator/travel_destinations_served./travel/transportation/travel_destination	556
/protected_sites/iucn_category/protected_areas	557
/religion/religious_practice/practice_of	558
/sports/sport/teams	559
/base/aareas/schema/administrative_area/capital	560
/royalty/royal_line/kingdom_s_ruled	561
/organization/organization_founder/organizations_founded	562
/government/governmental_jurisdiction/governing_officials./government/government_position_held/office_position_or_title	563
/base/contractbridge/bridge_tournament/standing./base/contractbridge/bridge_tournament_standings/second_place	564
/cvg/cvg_designer/games_designed	565
/tv/special_tv_performance_type/starring_performances./tv/regular_tv_appearance/actor	566
/film/film_crewmember/films_crewed./film/film_crew_gig/film	567
/organization/organization/place_founded	568
/religion/religious_organization/associated_with	569
/geography/lake/lake_type	570
/medicine/drug/drug_class	571
/organization/role/leaders./organization/leadership/organization	572
/american_football/football_player/former_teams./sports/sports_team_roster/team	573
/education/educational_degree/people_with_this_degree./education/education/minor	574
/basketball/basketball_player/team./basketball/basketball_roster_position/position	575
/book/book/genre	576
/sports/pro_athlete/teams./basketball/basketball_roster_position/team	577
/tv/tv_series_episode/series	578
/computer/operating_system/developer	579
/military/military_commander/military_commands./military/military_command/military_combatant	580
/government/legislative_session/members./government/government_position_held/office_holder	581
/travel/tourist_attraction/near_travel_destination	582
/tv/tv_program_guest/appeared_on./tv/tv_guest_personal_appearance/episode	583
/award/award/presented_by	584
/location/hud_foreclosure_area/hhuniv./measurement_unit/dated_integer/source	585
/film/film/directed_by	586
/education/fraternity_sorority/colleges_and_universities	587
/people/marriage_union_type/unions_of_this_type./people/marriage/location_of_ceremony	588
/tv/tv_program/regular_personal_appearances./tv/tv_regular_personal_appearance/person	589
/language/human_language/language_family	590
/base/schemastaging/tv_program_extra/regular_dubbing_performances./base/schemastaging/tv_star_dubbing_performance/actor	591
/organization/organization_member/member_of./organization/organization_membership/organization	592
/organization/organization/parent./organization/organization_relationship/parent	593
/ice_hockey/hockey_team/historical_roster./ice_hockey/hockey_previous_roster_position/player	594
/basketball/basketball_player/player_statistics./basketball/basketball_player_stats/team	595
/base/newsevents/news_reporting_organisation/news_reports./base/newsevents/news_report/event	596
/computer/programming_language/parent_language	597
/award/award_winner/awards_won./award/award_honor/award_winner	598
/people/person/sibling_s./people/sibling_relationship/sibling	599
/government/government_office_category/offices	600
/basketball/basketball_player/former_teams./basketball/basketball_historical_roster_position/team	601
/government/government_office_or_title/office_holders./government/government_position_held/jurisdiction_of_office	602
/base/bioventurist/science_or_technology_company/develops_treatments_for_disease	603
/people/profession/people_with_this_profession	604
/award/award_nominee/award_nominations./award/award_nomination/nominated_for	605
/film/producer/films_executive_produced	606
/american_football/football_team/historical_roster./american_football/football_historical_roster_position/player	607
/military/military_conflict/force_strengths./military/force_strength/combatant	608
/food/dish/ingredients	609
/soccer/football_player/current_team./sports/sports_team_roster/position	610
/ice_hockey/hockey_team/current_roster./ice_hockey/hockey_roster_position/player	611
/film/film/country	612
/olympics/olympic_games/athletes./olympics/olympic_athlete_affiliation/country	613
/base/marchmadness/ncaa_basketball_tournament/seeds./base/marchmadness/ncaa_tournament_seed/team	614
/base/localfood/seasonal_month/produce_available./base/localfood/produce_availability/produce	615
/people/ethnicity/included_in_group	616
/ice_hockey/hockey_player/former_team_s./ice_hockey/hockey_previous_roster_position/team	617
/influence/influence_node/influenced	618
/base/thoroughbredracing/thoroughbred_racehorse/sex	619
/baseball/baseball_player/current_team./baseball/baseball_roster_position/position	620
/basketball/basketball_position/player_roster_position./sports/sports_team_roster/player	621
/base/onephylogeny/type_of_thing/things_of_this_type	622
/projects/project_participant/projects./projects/project_participation/role	623
/film/film/produced_by	624
/music/artist/label	625
/film/film/film_festivals	626
/base/thoroughbredracing/thoroughbred_racehorse_origin/horses_from_this_location	627
/visual_art/visual_art_genre/artworks	628
/religion/religious_leader/religious_leadership./religion/religious_organization_leadership/organization	629
/architecture/architect/structures_designed	630
/government/legislative_session/members./government/government_position_held/basic_title	631
/metropolitan_transit/transit_line/service_type	632
/education/educational_institution/students_graduates./education/education/student	633
/education/educational_institution/school_type	634
/people/place_of_interment/interred_here	635
/sports/sports_league_season/awards./sports/sports_award/award	636
/basketball/basketball_position/players	637
/broadcast/distributor/distributes	638
/sports/sports_league_draft/picks./sports/sports_league_draft_pick/school	639
/film/film_art_director/films_art_directed	640
/government/government_office_or_title/office_holders./government/government_position_held/office_holder	641
/music/album/genre	642
/biology/animal_breed/registered_with./biology/breed_registration/breed_group	643
/base/petbreeds/dog_breed/size./base/petbreeds/dog_size/gender	644
/government/governmental_jurisdiction/government_bodies	645
/baseball/baseball_league/teams	646
/base/schemastaging/tv_character_extra/regular_dubbing_performances./base/schemastaging/tv_star_dubbing_performance/program	647
/visual_art/artwork/art_form	648
/location/hud_foreclosure_area/estimated_number_foreclosures./measurement_unit/dated_integer/source	649
/olympics/olympic_participating_country/medals_won./olympics/olympic_medal_honor/medalist	650
/film/personal_film_appearance_type/film_appearances./film/personal_film_appearance/film	651
/medicine/drug/legal_status	652
/medicine/infectious_disease/infectious_agent_type	653
/religion/place_of_worship/religion	654
/tv/tv_program/languages	655
/education/educational_institution_campus/educational_institution	656
/education/educational_degree/people_with_this_degree./education/education/major_field_of_study	657
/tv/tv_character/appeared_in_tv_program./tv/regular_tv_appearance/actor	658
/language/human_language/region	659
/government/government_office_or_title/jurisdiction	660
/base/crime/crime_victim/crime_type	661
/geography/geographical_feature_category/features	662
/education/field_of_study/students_majoring./education/education/degree	663
/base/americancomedy/comedy_group/members./base/americancomedy/comedy_group_membership/member	664
/basketball/basketball_team/roster./basketball/basketball_roster_position/position	665
/media_common/dedicator/dedications./media_common/dedication/dedicated_to	666
/medicine/drug/active_moieties	667
/base/localfood/food_producing_region/seasonal_availability./base/localfood/produce_availability/produce	668
/biology/animal_breed/place_of_origin	669
/music/performance_role/regular_performances./music/group_membership/member	670
/sports/sports_position/players./basketball/basketball_roster_position/team	671
/film/film/cinematography	672
/film/film/starring./film/performance/special_performance_type	673
/computer/computer_manufacturer_brand/computer_models	674
/soccer/football_team/manager./soccer/football_team_management_tenure/manager	675
/american_football/football_player/rushing./american_football/player_rushing_statistics/team	676
/book/magazine_genre/magazines_in_this_genre	677
/american_football/football_team/current_roster./sports/sports_team_roster/player	678
/book/written_work/original_language	679
/education/field_of_study/students_majoring./education/education/institution	680
/government/governmental_body/sessions	681
/tv/tv_program/filming_locations	682
/broadcast/radio_format/stations	683
/sports/sports_team_owner/teams_owned	684
/royalty/monarch/kingdom	685
/education/university/domestic_tuition./measurement_unit/dated_money_value/currency	686
/education/field_of_study/students_majoring./education/education/specialization	687
/comic_books/comic_book_character/created_by	688
/user/tfmorris/default_domain/signatory/documents_signed	689
/religion/religion/includes	690
/book/periodical/subjects	691
/film/film_character/portrayed_in_films_dubbed./film/dubbing_performance/actor	692
/sports/sports_league/teams./sports/sports_league_participation/team	693
/music/group_member/membership./music/group_membership/role	694
/film/film/personal_appearances./film/personal_film_appearance/person	695
/location/statistical_region/gdp_nominal./measurement_unit/dated_money_value/currency	696
/location/country/official_language	697
/broadcast/content/producer	698
/sports/sports_team/roster./basketball/basketball_historical_roster_position/player	699
/film/actor/film./film/performance/film	700
/film/film_subject/films	701
/american_football/football_player/position_s	702
/film/film/music	703
/olympics/olympic_medal/medal_winners./olympics/olympic_medal_honor/olympics	704
/ice_hockey/hockey_team/current_roster./ice_hockey/hockey_roster_position/position	705
/base/activism/activist/area_of_activism	706
/biology/breed_group/breeds_in_this_group./biology/breed_registration/breed	707
/location/location/events	708
/base/events/performer/performances./base/events/performance/performer	709
/base/contractbridge/bridge_player/second_place_finish./base/contractbridge/bridge_tournament_standings/second_place	710
/sports/sports_award_winner/awards./sports/sports_award/season	711
/aviation/airline/airports_served./aviation/airline_airport_presence/airport	712
/ice_hockey/hockey_player/former_team_s./sports/sports_team_roster/team	713
/fictional_universe/person_in_fiction/representations_in_fiction	714
/base/x2010fifaworldcupsouthafrica/world_cup_squad/current_world_cup_squad./base/x2010fifaworldcupsouthafrica/current_world_cup_squad/current_club	715
/base/popstra/company/product_endorser./base/popstra/paid_support/endorser	716
/military/rank/used_by_services./military/military_service/military_person	717
/broadcast/broadcast/distributor	718
/education/fraternity_sorority/founded_location	719
/travel/travel_destination/how_to_get_here./travel/transportation/transport_terminus	720
/government/politician/government_positions_held./government/government_position_held/appointed_by	721
/periodicals/newspaper_circulation_area/newspapers	722
/user/robert/us_congress/house_committee/current_members	723
/aviation/airline/focus_cities	724
/base/onephylogeny/type_of_thing/included_in	725
/base/petbreeds/dog_breed/color	726
/government/governmental_body/members./government/government_position_held/appointed_by	727
/base/parody/parody/parody_of	728
/fictional_universe/fictional_character/employers./fictional_universe/fictional_employment_tenure/title	729
/sports/sports_team/roster./american_football/football_historical_roster_position/player	730
/cvg/computer_videogame/gameplay_modes	731
/law/judge/courts./law/judicial_tenure/court	732
/base/schemastaging/organization_extra/phone_number./base/schemastaging/phone_sandbox/contact_category	733
/tv/tv_program_creator/programs_created	734
/film/film/distributors./film/film_film_distributor_relationship/region	735
/fictional_universe/fictional_character_creator/fictional_characters_created	736
/base/activism/activism_issue/activist_organizations	737
/olympics/olympic_participating_country/medals_won./olympics/olympic_medal_honor/olympics	738
/film/film/other_crew./film/film_crew_gig/crewmember	739
/soccer/football_team/current_roster./soccer/football_roster_position/player	740
/film/personal_film_appearance_type/film_appearances./film/personal_film_appearance/person	741
/sports/sports_team/roster./baseball/baseball_historical_roster_position/player	742
/american_football/football_coach_position/coaches_holding_this_position./american_football/football_historical_coach_position/team	743
/base/x2010fifaworldcupsouthafrica/world_cup_participant/world_cup_team./base/x2010fifaworldcupsouthafrica/current_world_cup_squad/current_club	744
/architecture/building_function/buildings	745
/cvg/cvg_developer/games_developed	746
/travel/transport_operator/travel_destinations_served./travel/transportation/mode_of_transportation	747
/american_football/football_player/current_team./american_football/football_roster_position/position	748
/sports/sports_team/location	749
/location/statistical_region/gdp_nominal_per_capita./measurement_unit/dated_money_value/currency	750
/base/schemastaging/organization_extra/phone_number./base/schemastaging/phone_sandbox/service_location	751
/sports/sports_position/players./sports/sports_team_roster/position	752
/military/military_conflict/casualties./military/casualties/combatant	753
/sports/sports_award_winner/awards./sports/sports_award/team	754
/fictional_universe/fictional_character/gender	755
/military/military_conflict/commanders./military/military_command/military_commander	756
/baseball/baseball_player/former_teams./baseball/baseball_historical_roster_position/team	757
/base/thoroughbredracing/thoroughbred_racehorse/color	758
/tv/tv_series_episode/guest_stars./tv/tv_guest_role/actor	759
/american_football/football_player/games./american_football/player_game_statistics/season	760
/award/award_winner/awards_won./award/award_honor/award	761
/business/business_operation/retained_earnings./measurement_unit/dated_money_value/currency	762
/visual_art/art_subject/artwork_on_the_subject	763
/medicine/condition_prevention_factors/conditions_this_may_prevent	764
/aviation/airliner_accident/flight_destination	765
/tv/tv_genre/programs	766
/people/person/spouse_s./people/marriage/spouse	767
/tv/tv_character/appeared_in_tv_episodes./tv/tv_guest_role/actor	768
/organization/organization/founders	769
/organization/organization_type/organizations_of_this_type	770
/cvg/computer_videogame/characters./cvg/game_performance/character	771
/organization/organization/sectors	772
/music/musical_group/member./music/group_membership/role	773
/astronomy/orbital_relationship/orbited_by	774
/film/film_featured_song/performed_by	775
/award/award_ceremony/awards_presented./award/award_honor/award	776
/sports/professional_sports_team/draft_picks./sports/sports_league_draft_pick/school	777
/base/petbreeds/city_with_dogs/top_breeds./base/petbreeds/dog_city_relationship/dog_breed	778
/biology/organism_classification/lower_classifications	779
/olympics/olympic_games/athletes./olympics/olympic_athlete_affiliation/sport	780
/sports/sports_position/players./sports/sports_team_roster/team	781
/film/film/subjects	782
/dining/cuisine/ingredients	783
/theater/play/lyricist	784
/cvg/computer_videogame/characters./cvg/game_performance/voice_actor	785
/film/film/film_set_decoration_by	786
/sports/sports_team/roster./soccer/football_roster_position/player	787
/language/language_family/languages	788
/base/x2010fifaworldcupsouthafrica/world_cup_participant/world_cup_team./base/x2010fifaworldcupsouthafrica/current_world_cup_squad/position	789
/sports/sports_team/roster./american_football/football_roster_position/player	790
/broadcast/radio_station/format	791
/fictional_universe/fictional_character/appears_in_these_fictional_universes	792
/sports/sports_position/players./soccer/football_roster_position/team	793
/location/statistical_region/rent50_2./measurement_unit/dated_money_value/currency	794
/film/film/estimated_budget./measurement_unit/dated_money_value/currency	795
/military/military_combatant/military_conflicts./military/military_combatant_group/conflict	796
/location/administrative_division/country	797
/sports/sports_team/roster./sports/sports_team_roster/player	798
/education/field_of_study/subdiscipline_of	799
/user/alexander/misc/murdered_person/place_murdered	800
/organization/role/governors./organization/organization_board_membership/organization	801
/government/politician/government_positions_held./government/government_position_held/district_represented	802
/base/argumentmaps/original_idea/innovator	803
/award/award_ceremony/awards_presented./award/award_honor/award_winner	804
/location/us_county/hud_county_place	805
/film/film_festival_event/films	806
/baseball/baseball_player/batting_stats./baseball/batting_statistics/season	807
/education/academic/advisors	808
/biology/organism/sex	809
/religion/religious_organization/leaders./religion/religious_organization_leadership/leader	810
/sports/sports_position/players./baseball/baseball_roster_position/player	811
/base/marchmadness/ncaa_basketball_team/ncaa_tournament_seeds./base/marchmadness/ncaa_tournament_seed/tournament	812
/business/business_operation/net_profit./measurement_unit/dated_money_value/currency	813
/government/governmental_jurisdiction/agencies	814
/base/crime/crime/victim_s	815
/people/person/profession	816
/people/person/spouse_s./people/marriage/type_of_union	817
/location/statistical_region/rent50_1./measurement_unit/dated_money_value/currency	818
/medicine/disease/includes_diseases	819
/american_football/football_coach_position/coaches_holding_this_position./american_football/football_historical_coach_position/coach	820
/common/resource/annotations./common/webpage/topic	821
/sports/sports_team/roster./baseball/baseball_roster_position/position	822
/base/popstra/celebrity/shops_at./base/popstra/shopping_choice/company	823
/computer/software/software_genre	824
/education/educational_institution/sexes_accepted./education/gender_enrollment/sex	825
/base/fight/crime_type/people_convicted_of_this_crime./base/crime/criminal_conviction/guilty_of	826
/medicine/icd_9_cm_classification/parent_classification	827
/education/educational_institution/parent_institution	828
/base/localfood/produce/availability./base/localfood/produce_availability/seasonal_months	829
/travel/transport_terminus/travel_destinations_served./travel/transportation/mode_of_transportation	830
/travel/transport_terminus/travel_destinations_served./travel/transportation/transport_terminus	831
/sports/sports_official/sport	832
/base/saints/saint/venerated_in	833
/cvg/cvg_genre/games	834
/games/game_genre/boardgames	835
/medicine/medical_treatment/side_effects	836
/common/webpage/topic	837
/computer/programming_language/language_paradigms	838
/sports/sports_team/roster./basketball/basketball_roster_position/player	839
/fictional_universe/fictional_character/place_of_birth	840
/interests/collection_category/parent_category	841
/organization/membership_organization/members./organization/organization_membership/member	842
/sports/professional_sports_team/draft_picks./sports/sports_league_draft_pick/draft	843
/organization/organization/companies_acquired./business/acquisition/company_acquired	844
/tv/tv_series_season/regular_cast./tv/regular_tv_appearance/series	845
/organization/organization/organization_type	846
/base/popstra/celebrity/bought./base/popstra/product_choice/product	847
/aviation/aircraft_model/aircraft_type	848
/base/contractbridge/bridge_player/first_place_finish./base/contractbridge/bridge_tournament_standings/second_place	849
/olympics/olympic_athlete/country./olympics/olympic_athlete_affiliation/country	850
/government/government_office_category/officeholders./government/government_position_held/governmental_body	851
/business/sponsored_recipient/sponsorship./business/sponsorship/sponsored_by	852
/organization/organization/involved_in_merger./organization/organization_merger/became_organization	853
/aviation/airline/hubs	854
/base/crime/convicted_criminal/convictions./base/crime/criminal_conviction/sentence_type	855
/book/newspaper_owner/newspapers_owned	856
/base/wrestling/professional_wrestler/member_of_team	857
/cvg/game_voice_actor/computer_game_voice_performances./cvg/game_performance/character	858
/medicine/medical_specialty/diseases_treated	859
/business/industry/companies	860
/government/governmental_body/members./government/government_position_held/office_holder	861
/film/film_crewmember/films_crewed./film/film_crew_gig/film_crew_role	862
/fictional_universe/fictional_setting/works_set_here	863
/base/argumentmaps/morally_disputed_activity/instance_of_abstract_moral_dispute	864
/education/fraternity_sorority/colors	865
/time/time_zone/locations_in_this_time_zone	866
/base/infrastructure/power_station/fuel_type	867
/location/location/street_address./location/mailing_address/citytown	868
/transportation/bridge/bridge_type	869
/internet/website/owner_new./internet/website_ownership/owner	870
/cvg/game_voice_actor/computer_game_voice_performances./cvg/game_performance/game	871
/people/deceased_person/cause_of_death	872
/base/popstra/celebrity/wears./base/popstra/fashion_choice/designer	873
/people/appointee/position./people/appointment/appointed_role	874
/common/annotation_category/annotations./common/webpage/topic	875
/film/film/runtime./film/film_cut/film_release_region	876
/medicine/symptom/symptom_of	877
/user/alexbl/honorary_title/honorary_title/titled_people./user/alexbl/honorary_title/honorary_title_holding/conferred_upon	878
/olympics/olympic_sport/olympic_games_contested	879
/people/person/education./education/education/institution	880
/base/newsevents/news_reported_event/news_report_s./base/newsevents/news_report/news_reporting_organisation	881
/government/legislative_session/members./government/government_position_held/office_position_or_title	882
/location/location/partially_containedby	883
/base/contractbridge/bridge_player/first_place_finish./base/contractbridge/bridge_tournament_standings/first_place	884
/geography/lake_type/lakes_of_this_type	885
/media_common/dedicator/dedications./media_common/dedication/work_dedicated	886
/base/fight/crime_type/included_in_crimes	887
/sports/sport/officials	888
/protected_sites/protected_site/iucn_category	889
/education/educational_institution/sports_teams	890
/education/school_district/schools	891
/people/appointed_role/appointment./people/appointment/appointed_by	892
/sports/pro_athlete/teams./soccer/football_roster_position/team	893
/government/political_party/politicians_in_this_party./government/political_party_tenure/politician	894
/baseball/baseball_player/former_teams./sports/sports_team_roster/team	895
/location/country/currency_used	896
/government/political_district/representatives./government/government_position_held/governmental_body	897
/basketball/basketball_team/historical_roster./basketball/basketball_historical_roster_position/player	898
/biology/organism_classification/organisms_of_this_type	899
/education/school/school_district	900
/influence/influence_node/influenced_by	901
/film/film/featured_film_locations	902
/celebrities/celebrity/celebrity_friends./celebrities/friendship/friend	903
/user/ktrueman/default_domain/international_organization/member_states	904
/award/award_winning_work/awards_won./award/award_honor/ceremony	905
/american_football/football_team/current_roster./sports/sports_team_roster/position	906
/government/political_appointer/appointees./government/government_position_held/office_holder	907
/people/family/members	908
/fictional_universe/fictional_setting/fictional_characters_born_here	909
/cvg/computer_videogame/sequel	910
/american_football/football_player/receiving./american_football/player_receiving_statistics/season	911
/sports/sports_position/players./ice_hockey/hockey_roster_position/team	912
/tv/non_character_role/tv_regular_personal_appearances./tv/tv_regular_personal_appearance/person	913
/basketball/basketball_team/roster./sports/sports_team_roster/player	914
/military/armed_force/personnel./military/military_service/military_person	915
/tv/tv_program/subjects	916
/baseball/baseball_player/current_team./sports/sports_team_roster/team	917
/broadcast/content/broadcast	918
/location/location/street_address./location/mailing_address/state_province_region	919
/tv/tv_producer_type/tv_producers_of_this_type./tv/tv_producer_term/program	920
/basketball/basketball_position/player_roster_position./basketball/basketball_roster_position/player	921
/award/hall_of_fame_inductee/hall_of_fame_inductions./award/hall_of_fame_induction/hall_of_fame	922
/business/sponsor/sponsorship./business/sponsorship/sponsored_recipient	923
/sports/sports_league_draft/picks./sports/sports_league_draft_pick/player	924
/people/person/place_of_birth	925
/music/group_member/membership./music/group_membership/group	926
/base/popstra/celebrity/lived_with./base/popstra/lived_with/participant	927
/tv/tv_program/regular_cast./tv/regular_tv_appearance/seasons	928
/religion/religion/is_part_of	929
/architecture/architect/architectural_style	930
/book/periodical_format/periodicals_in_this_format./book/periodical_format_period/periodical	931
/award/award_nominated_work/award_nominations./award/award_nomination/award	932
/location/administrative_division/capital./location/administrative_division_capital_relationship/capital	933
/computer/programming_language/influenced_by	934
/base/fight/crime_type/people_convicted_of_this_crime./base/crime/criminal_conviction/convicted_person	935
/sports/pro_athlete/sports_played_professionally./sports/pro_sports_played/sport	936
/base/popstra/celebrity/breakup./base/popstra/breakup/participant	937
/sports/pro_athlete/teams./basketball/basketball_historical_roster_position/team	938
/people/person/spouse_s./people/marriage/location_of_ceremony	939
/award/award_presenting_organization/award_categories_presented	940
/food/diet/followers	941
/aviation/airline/airports_served./aviation/airline_airport_presence/cities_served	942
/user/robert/military/military_person/participated_in_conflicts	943
/computer/programming_language/language_designers	944
/architecture/museum/type_of_museum	945
/base/popstra/celebrity/eats_at./base/popstra/restaurant_choice/restaurant	946
/music/genre/albums	947
/comic_books/comic_book_creator/series_created	948
/exhibitions/exhibition_sponsor/exhibitions_sponsored./exhibitions/exhibition_run/venue	949
/medicine/symptom/side_effect_of	950
/award/award_winning_work/awards_won./award/award_honor/honored_for	951
/visual_art/visual_artist/art_forms	952
/book/author/works_written	953
/media_common/adaptation/adapted_from	954
/user/szaijan/fantasy_football/position/player	955
/film/film_job/films_with_this_crew_job./film/film_crew_gig/film	956
/sports/sports_position/players./sports/sports_team_roster/player	957
/military/military_conflict/military_personnel_involved	958
/film/actor/dubbing_performances./film/dubbing_performance/language	959
/media_common/adapted_work/adaptations	960
/american_football/football_player/current_team./sports/sports_team_roster/team	961
/sports/pro_athlete/teams./baseball/baseball_historical_roster_position/team	962
/ice_hockey/hockey_player/current_team./ice_hockey/hockey_roster_position/team	963
/music/group_member/instruments_played	964
/aviation/airport/airlines./aviation/airline_airport_presence/cities_served	965
/education/educational_degree/people_with_this_degree./education/education/specialization	966
/base/yalebase/secret_society/notable_members./base/yalebase/secret_society_membership/member	967
/basketball/basketball_player/former_teams./sports/sports_team_roster/team	968
/tennis/tennis_player/matches_won./tennis/tennis_match/loser	969
/user/narphorium/people/wealthy_person/net_worth./measurement_unit/dated_money_value/currency	970
/sports/sports_equipment/sport_used_for	971
/royalty/noble_title/used_in./royalty/system_title_relationship/system	972
/location/hud_foreclosure_area/total_residential_addresses./measurement_unit/dated_integer/source	973
/award/hall_of_fame/inductees./award/hall_of_fame_induction/inductee	974
/base/biblioness/bibs_location/state	975
/film/film/edited_by	976
/computer/software_genre/software_in_genre	977
/broadcast/tv_station/owner	978
/government/politician/government_positions_held./government/government_position_held/legislative_sessions	979
/education/educational_institution/students_graduates./education/education/major_field_of_study	980
/soccer/football_player/current_team./sports/sports_team_roster/team	981
/baseball/baseball_player/lifetime_batting_statistics./baseball/lifetime_batting_statistics/last_statistics_season	982
/tv/tv_series_season/regular_cast./tv/regular_tv_appearance/actor	983
/sports/sport_country/athletic_performances./sports/competitor_competition_relationship/competitors	984
/interests/collection_category/sub_categories	985
/location/country/first_level_divisions	986
/protected_sites/listed_site/designation_as_natural_or_cultural_site./protected_sites/natural_or_cultural_site_listing/category_or_criteria	987
/olympics/olympic_medal/medal_winners./olympics/olympic_medal_honor/medalist	988
/government/governmental_body/component_bodies	989
/medicine/icd_9_cm_classification/includes_classifications	990
/base/schemastaging/organization_extra/phone_number./base/schemastaging/phone_sandbox/service_language	991
/olympics/olympic_athlete/medals_won./olympics/olympic_medal_honor/medalist	992
/medicine/disease/medical_specialties	993
/religion/religion/organizations	994
/government/governmental_body/jurisdiction	995
/ice_hockey/hockey_position/players	996
/film/film_character/portrayed_in_films./film/performance/special_performance_type	997
/broadcast/broadcast/content	998
/base/endorsements/endorsing_newspaper/endorsements./base/endorsements/newspaper_endorsement/election	999
/government/legislative_session/members./government/government_position_held/district_represented	1000
/location/location/adjoin_s./location/adjoining_relationship/adjoins	1001
/music/performance_role/track_performances./music/track_contribution/role	1002
/olympics/olympic_games/participating_countries	1003
/military/rank/used_by_services./military/military_service/military_force	1004
/sports/school_sports_team/school	1005
/tv/tv_actor/guest_roles./tv/tv_guest_role/episodes_appeared_in	1006
/film/film/personal_appearances./film/personal_film_appearance/type_of_appearance	1007
/people/deceased_person/place_of_cremation	1008
/base/fight/sentence/convictions./base/crime/criminal_conviction/convicted_person	1009
/base/argumentmaps/abstract_moral_dispute/particular_instances	1010
/cvg/game_series/games_in_series	1011
/tv/tv_producer_type/tv_producers_of_this_type./tv/tv_producer_term/producer	1012
/education/educational_institution/subsidiary_or_constituent_schools	1013
/sports/sports_position/players./american_football/football_historical_roster_position/position_s	1014
/people/profession/specialization_of	1015
/architecture/structure/architect	1016
/geography/river/basin_countries	1017
/common/topic/webpage./common/webpage/resource	1018
/american_football/football_player/current_team./american_football/football_roster_position/team	1019
/visual_art/artwork/art_genre	1020
/music/performance_role/regular_performances./music/group_membership/group	1021
/organization/organization/phone_number./common/phone_number/service_location	1022
/medicine/disease/notable_people_with_this_condition	1023
/olympics/olympic_sport/athletes./olympics/olympic_athlete_affiliation/athlete	1024
/base/schemastaging/tv_program_extra/regular_dubbing_performances./base/schemastaging/tv_star_dubbing_performance/language	1025
/organization/role/governors./organization/organization_board_membership/member	1026
/architecture/structure/address./location/mailing_address/citytown	1027
/tv/tv_program/seasons	1028
/film/film_costumer_designer/costume_design_for_film	1029
/film/film_character/portrayed_in_films./film/performance/actor	1030
/location/place_with_neighborhoods/neighborhoods	1031
/base/schemastaging/tv_actor_extra/regular_dubbing_performances./base/schemastaging/tv_star_dubbing_performance/language	1032
/sports/sports_championship_event/championship	1033
/broadcast/content/location	1034
/baseball/baseball_team/team_stats./baseball/baseball_team_stats/season	1035
/business/business_operation/liabilities./measurement_unit/dated_money_value/currency	1036
/government/legislative_session/legislature	1037
/base/rugby/rugby_player/type_of_rugby	1038
/music/artist/contribution./music/recording_contribution/performance_role	1039
/government/government_office_or_title/office_holders./government/government_position_held/appointed_by	1040
/military/military_person/service./military/military_service/rank	1041
/tv/tv_network/areas_served	1042
/common/webpage/category	1043
/architecture/structure/construction_cost./measurement_unit/money_value/currency	1044
/location/country/capital	1045
/base/popstra/location/vacationers./base/popstra/vacation_choice/vacationer	1046
/film/film/film_production_design_by	1047
/government/government_office_or_title/category	1048
/base/famouspets/pet_owner/pets_owned./base/famouspets/pet_ownership/owner	1049
/computer/operating_system_developer/operating_systems_developed	1050
/media_common/dedicated_work/dedication./media_common/dedication/dedicated_to	1051
/education/academic_institution/visiting_scholars_fellows_etc./education/academic_post/person	1052
/travel/travel_destination/local_transportation	1053
/book/newspaper/headquarters./location/mailing_address/state_province_region	1054
/music/album_release_type/albums	1055
/olympics/olympic_games/sports	1056
/base/popstra/organization/supporter./base/popstra/support/supporter	1057
/base/americancomedy/celebrity_impressionist/celebrities_impersonated	1058
/baseball/baseball_player/position_s	1059
/olympics/olympic_games/medals_awarded./olympics/olympic_medal_honor/medalist	1060
/broadcast/content/artist	1061
/location/statistical_region/places_imported_from./location/imports_and_exports/imported_from	1062
/education/field_of_study/academics_in_this_field	1063
/tv/tv_series_season/regular_cast./tv/regular_tv_appearance/seasons	1064
/law/inventor/inventions	1065
/tv/tv_series_episode/guest_personal_appearances./tv/tv_guest_personal_appearance/person	1066
/geography/river/mouth	1067
/fictional_universe/character_occupation/characters_with_this_occupation	1068
/business/job_title/people_with_this_title./business/employment_tenure/person	1069
/tv/tv_writer/episodes_written	1070
/base/thoroughbredracing/thoroughbred_racehorse_sex/horses_of_this_sex	1071
/education/educational_institution/mascot	1072
/film/actor/dubbing_performances./film/dubbing_performance/character	1073
/location/it_province/capital	1074
/base/wrestling/solo_wrestler_or_team/members	1075
/aviation/airport/airlines./aviation/airline_airport_presence/airline	1076
/tv/non_character_role/tv_regular_personal_appearances./tv/tv_regular_personal_appearance/program	1077
/medicine/type_of_infectious_agent/diseases	1078
/transportation/road/end1./transportation/road_starting_point/location	1079
/tv/tv_program/regular_cast./tv/regular_tv_appearance/actor	1080
/film/film/starring./film/performance/character	1081
/tv/tv_program/spun_off_from	1082
/military/military_person/participated_in_conflicts	1083
/film/person_or_entity_appearing_in_film/films./film/personal_film_appearance/type_of_appearance	1084
/film/film/runtime./film/film_cut/type_of_film_cut	1085
/broadcast/content/genre	1086
/american_football/football_player/passing./american_football/player_passing_statistics/season	1087
/government/election/office	1088
/film/film_story_contributor/film_story_credits	1089
/olympics/olympic_games/medals_awarded./olympics/olympic_medal_honor/medal	1090
/base/schemastaging/athlete_extra/salary./base/schemastaging/athlete_salary/currency	1091
/user/mt/default_domain/metabolite/associated_disorder	1092
/sports/sports_award_type/winners./sports/sports_award/season	1093
/sports/sports_team/championships	1094
/base/crime/crime_victim/crime	1095
/base/schemastaging/fish/found_in	1096
/user/robert/us_congress/us_representative/state	1097
/base/folklore/mythology/mythical_creatures	1098
/american_football/football_team/historical_coaching_staff./american_football/football_historical_coach_position/coach	1099
/business/board_member/organization_board_memberships./organization/organization_board_membership/organization	1100
/sports/pro_athlete/teams./baseball/baseball_roster_position/team	1101
/internet/website_owner/websites_owned_new./internet/website_ownership/website	1102
/geography/island/island_group	1103
/book/periodical_publisher/periodicals_published./book/periodical_publisher_period/periodical	1104
/olympics/olympic_sport/athletes./olympics/olympic_athlete_affiliation/olympics	1105
/military/military_conflict/combatants./military/military_combatant_group/combatants	1106
/medicine/drug_ingredient/more_general_ingredient	1107
/user/robert/us_congress/us_representative/committee_memberships	1108
/broadcast/broadcast/area_served	1109
/base/collectives/collective_member/member_of./base/collectives/collective_membership/collective	1110
/royalty/noble_person/titles./royalty/noble_title_tenure/noble_title	1111
/sports/sports_team/league./sports/sports_league_participation/league	1112
/film/editor/film	1113
/travel/travel_destination/climate./travel/travel_destination_monthly_climate/month	1114
/education/academic/advisees	1115
/fictional_universe/fictional_character/character_created_by	1116
/cvg/computer_videogame/cvg_genre	1117
/internet/website_category/sites	1118
/business/asset/owners./business/asset_ownership/owner	1119
/user/robert/us_congress/congressional_district/state	1120
/comic_books/comic_book_series/publisher	1121
/award/award_nominated_work/award_nominations./award/award_nomination/award_nominee	1122
/film/film_character/portrayed_in_films./film/performance/film	1123
/religion/religious_text/religious_text_of	1124
/ice_hockey/hockey_player/current_team./sports/sports_team_roster/team	1125
/base/eating/practicer_of_diet/diet	1126
/chemistry/chemical_compound/solubility./chemistry/solubility_relationship/solvent	1127
/fictional_universe/fictional_character/children	1128
/tv/tv_series_episode/writer	1129
/basketball/basketball_team/roster./basketball/basketball_roster_position/player	1130
/base/contractbridge/bridge_player/second_place_finish./base/contractbridge/bridge_tournament_standings/first_place	1131
/american_football/football_player/former_teams./american_football/football_historical_roster_position/position_s	1132
/cvg/computer_videogame/developer	1133
/award/recurring_competition/individual_competitions	1134
/broadcast/radio_station_owner/radio_stations	1135
/american_football/football_player/receiving./american_football/player_receiving_statistics/team	1136
/people/deceased_person/place_of_burial	1137
/business/business_operation/assets./measurement_unit/dated_money_value/currency	1138
/base/schemastaging/tv_character_extra/regular_dubbing_performances./base/schemastaging/tv_star_dubbing_performance/language	1139
/basketball/basketball_player/team./basketball/basketball_roster_position/team	1140
/user/radiusrs/default_domain/astrology/related_topics	1141
/people/appointed_role/appointment./people/appointment/appointee	1142
/film/film/starring./film/performance/actor	1143
/sports/sports_position/players./american_football/football_historical_roster_position/team	1144
/education/field_of_study/students_majoring./education/education/student	1145
/user/tfmorris/default_domain/document/signatories	1146
/user/szaijan/fantasy_football/player/position	1147
/sports/sport/leagues	1148
/base/nobelprizes/nobel_subject_area/nobel_awards./base/nobelprizes/nobel_honor/subject_area	1149
/sports/pro_athlete/teams./basketball/basketball_roster_position/position	1150
/business/business_operation/revenue./measurement_unit/dated_money_value/currency	1151
/location/location/time_zones	1152
/basketball/basketball_team/roster./sports/sports_team_roster/position	1153
/government/political_appointer/appointees./government/government_position_held/office_position_or_title	1154
/people/person/education./education/education/degree	1155
/film/actor/film./film/performance/character	1156
/american_football/football_team/historical_coaching_staff./american_football/football_historical_coach_position/position	1157
/business/board_member/organization_board_memberships./organization/organization_board_membership/role	1158
/ice_hockey/hockey_player/current_team./ice_hockey/hockey_roster_position/position	1159
/location/statistical_region/religions./location/religion_percentage/religion	1160
/broadcast/tv_station_owner/tv_stations	1161
/medicine/notable_person_with_medical_condition/condition	1162
/base/twinnedtowns/twinned_town/twinned_with./base/twinnedtowns/town_twinning/twinned_towns	1163
/base/schemastaging/organization_extra/phone_number./base/schemastaging/phone_open_times/time_zone	1164
/soccer/football_league/teams./soccer/football_league_participation/team	1165
/music/genre/subgenre	1166
/time/event/includes_event	1167
/venture_capital/venture_funded_company/venture_investors./venture_capital/venture_investment/investor	1168
/education/university/international_tuition./measurement_unit/dated_money_value/currency	1169
/cvg/cvg_publisher/games_published	1170
/biology/organism_classification/rank	1171
/fictional_universe/fictional_character/romantically_involved_with./fictional_universe/romantic_involvement/partner	1172
/biology/animal_breed/registered_with./biology/breed_registration/registry	1173
/food/food/nutrients./food/nutrition_fact/nutrient	1174
/finance/currency/countries_used	1175
/location/administrative_division/first_level_division_of	1176
/geography/lake/cities	1177
/film/cinematographer/film	1178
/film/film/dubbing_performances./film/dubbing_performance/language	1179
/sports/sports_championship_event/champion	1180
/soccer/football_player/goals_scored./soccer/football_goal/point_awarded_to	1181
/martial_arts/martial_art/well_known_practitioner	1182
/common/topic/webpage./common/webpage/category	1183
/government/government_agency/jurisdiction	1184
/fictional_universe/fictional_character/married_to./fictional_universe/marriage_of_fictional_characters/spouses	1185
/tv/tv_actor/guest_roles./tv/tv_guest_role/special_performance_type	1186
/government/governmental_jurisdiction/governing_officials./government/government_position_held/district_represented	1187
/aviation/airline_alliance/member_airlines	1188
/fictional_universe/work_of_fiction/setting	1189
/military/military_post/used_by_armed_forces./military/military_post_use/armed_force	1190
/media_common/netflix_title/netflix_genres	1191
/film/production_company/films	1192
/award/award_winner/awards_won./award/award_honor/ceremony	1193
/base/popstra/celebrity/dated./base/popstra/dated/participant	1194
/base/locations/continents/countries_within	1195
/base/schemastaging/person_extra/net_worth./measurement_unit/dated_money_value/source	1196
/fictional_universe/fictional_character/ethnicity	1197
/base/parody/parodied_subject/parodies	1198
/base/fight/sports_official/sport	1199
/theater/theater_character/portrayed_by./theater/theater_role/actor	1200
/tv/tv_program/spin_offs	1201
/film/film/other_film_companies./film/film_film_company_relationship/film_company	1202
/location/symbol_of_administrative_division/official_symbol_of./location/location_symbol_relationship/administrative_division	1203
/finance/currency/countries_formerly_used	1204
/location/statistical_region/gni_per_capita_in_ppp_dollars./measurement_unit/dated_money_value/currency	1205
/tv/non_character_role/tv_guest_personal_appearances./tv/tv_guest_personal_appearance/person	1206
/tv/tv_character/appeared_in_tv_program./tv/regular_tv_appearance/series	1207
/business/business_operation/cash./measurement_unit/dated_money_value/currency	1208
/user/alexander/philosophy/philosopher/era	1209
/religion/religion/deities	1210
/government/government_office_or_title/office_holders./government/government_position_held/basic_title	1211
/location/country/currency_formerly_used	1212
/comic_books/comic_book_publisher/comic_book_series_published	1213
/base/schemastaging/athlete_extra/salary./base/schemastaging/athlete_salary/team	1214
/government/legislative_session/members./government/government_position_held/jurisdiction_of_office	1215
/book/author/school_or_movement	1216
/travel/travel_destination/how_to_get_here./travel/transportation/transport_operator	1217
/base/onephylogeny/type_of_thing/includes	1218
/computer/operating_system/includes_os_versions	1219
/film/film/dubbing_performances./film/dubbing_performance/character	1220
/computer/programming_language_designer/languages_designed	1221
/sports/sports_position/players./ice_hockey/hockey_roster_position/player	1222
/symbols/namesake/named_after	1223
/film/film/production_companies	1224
/location/statistical_region/rent50_0./measurement_unit/dated_money_value/currency	1225
/medicine/disease/risk_factors	1226
/user/mt/default_domain/metabolite/biofluid_location	1227
/tennis/tennis_player/matches_lost./tennis/tennis_match/winner	1228
/user/robert/us_congress/congressional_caucus/current_house_members	1229
/tv/tv_character/appeared_in_tv_program./tv/regular_tv_appearance/special_performance_type	1230
/organization/organization/spin_offs./organization/organization_spin_off/child_company	1231
/food/ingredient/cuisine	1232
/computer/programming_language/dialects	1233
/people/appointee/position./people/appointment/appointed_by	1234
/base/disaster2/tactic/attacks_of_this_form./base/disaster2/attack_process/attack_event	1235
/music/record_label/artist	1236
/base/fight/crime_type/includes_crimes	1237
/medicine/drug_class/drugs	1238
/film/film/other_crew./film/film_crew_gig/film_crew_role	1239
/base/popstra/celebrity/friendship./base/popstra/friendship/participant	1240
/olympics/olympic_athlete/country./olympics/olympic_athlete_affiliation/olympics	1241
/aviation/aircraft_owner/aircraft_fleet_composition./aviation/aircraft_ownership_count/aircraft_model	1242
/user/alexbl/honorary_title/titled_person/honorary_title./user/alexbl/honorary_title/honorary_title_holding/honorary_title	1243
/award/hall_of_fame_discipline/halls_of_fame	1244
/organization/organization_sector/organizations_in_this_sector	1245
/biology/organism_classification_rank/organism_classifications	1246
/religion/religion/places_of_worship	1247
/aviation/airport/serves	1248
/business/asset_owner/assets_owned./business/asset_ownership/owned_asset	1249
/language/human_language/dialects	1250
/film/writer/film	1251
/award/award_nominated_work/award_nominations./award/award_nomination/nominated_for	1252
/government/politician/government_positions_held./government/government_position_held/office_position_or_title	1253
/military/military_combatant/military_conflicts./military/military_combatant_group/combatants	1254
/american_football/football_position/players	1255
/award/award_category/winners./award/award_honor/award_winner	1256
/sports/sports_team/roster./soccer/football_roster_position/position	1257
/american_football/football_team/historical_roster./american_football/football_historical_roster_position/position_s	1258
/government/government_office_or_title/office_holders./government/government_position_held/legislative_sessions	1259
/sports/sports_team/season_record./sports/sports_team_season_record/season	1260
/geography/river/cities	1261
/government/governmental_body/body_this_is_a_component_of	1262
/book/literary_series/author_s	1263
/tv/tv_program/tv_producer./tv/tv_producer_term/producer_type	1264
/olympics/olympic_athlete/medals_won./olympics/olympic_medal_honor/medal	1265
/film/film_festival/individual_festivals	1266
/computer/computer/compatible_oses./computer/os_compatibility/operating_system	1267
/base/patronage/patron/related_client./base/patronage/patron_client_relationship/client	1268
/medicine/disease/causes	1269
/business/consumer_company/products./business/company_product_relationship/consumer_product	1270
/government/governmental_jurisdiction/official_symbols./location/location_symbol_relationship/symbol	1271
/film/film/release_date_s./film/film_regional_release_date/film_release_distribution_medium	1272
/organization/organization/headquarters./location/mailing_address/country	1273
/language/human_language/countries_spoken_in	1274
/government/political_appointer/appointees./government/government_position_held/jurisdiction_of_office	1275
/government/governmental_jurisdiction/governing_officials./government/government_position_held/basic_title	1276
/film/film/film_casting_director	1277
/fictional_universe/fictional_universe/characters	1278
/fictional_universe/character_powers/characters_with_this_ability	1279
/education/educational_institution/students_graduates./education/education/degree	1280
/olympics/olympic_games/athletes./olympics/olympic_athlete_affiliation/athlete	1281
/base/popstra/celebrity/endorsements./base/popstra/paid_support/company	1282
/fictional_universe/character_rank/characters_of_this_rank	1283
/travel/transport_terminus/travel_destinations_served./travel/transportation/travel_destination	1284
/sports/sports_championship_event/runner_up	1285
/user/robert/us_congress/us_representative/congressional_caucus_memberships	1286
/architecture/museum/address./location/mailing_address/state_province_region	1287
/food/dietary_restriction/incompatible_ingredients	1288
/sports/pro_athlete/teams./american_football/football_roster_position/team	1289
/location/hud_county_place/place	1290
/royalty/order_of_chivalry/recipients./royalty/chivalric_order_membership/recipient	1291
/tv/tv_program/regular_cast./tv/regular_tv_appearance/special_performance_type	1292
/government/governmental_body/members./government/government_position_held/jurisdiction_of_office	1293
/film/special_film_performance_type/film_performance_type./film/performance/actor	1294
/music/musical_group/member./music/group_membership/member	1295
/base/aareas/schema/administrative_area/administrative_area_type	1296
/organization/organization/product_of_merger./organization/organization_merger/organizations_merging	1297
/protected_sites/site_listing_category/listed_sites./protected_sites/natural_or_cultural_site_listing/listed_site	1298
/religion/religion/notable_figures	1299
/medicine/disease/prevention_factors	1300
/base/contractbridge/bridge_player/second_place_finish./base/contractbridge/bridge_tournament_standings/tournament	1301
/tv/tv_subject/tv_programs	1302
/baseball/baseball_player/batting_stats./baseball/batting_statistics/team	1303
/baseball/baseball_team/current_roster./baseball/baseball_roster_position/position	1304
/government/government_office_category/officeholders./government/government_position_held/appointed_by	1305
/dataworld/gardening_hint/split_to	1306
/base/thoroughbredracing/thoroughbred_racehorse_color/horses_of_this_color	1307
/music/artist/track_contributions./music/track_contribution/role	1308
/olympics/olympic_participating_country/athletes./olympics/olympic_athlete_affiliation/athlete	1309
/user/szaijan/fantasy_football/player/nfl_team	1310
/book/newspaper/circulation_areas	1311
/ice_hockey/hockey_team/historical_roster./sports/sports_team_roster/player	1312
/royalty/noble_title/noble_rank	1313
/protected_sites/governing_body_of_protected_sites/protected_sites_governed	1314
/biology/organism/organism_type	1315
/location/location/people_born_here	1316
/tv/tv_actor/starring_roles./tv/regular_tv_appearance/special_performance_type	1317
/business/consumer_product/company./business/company_product_relationship/company	1318
/fictional_universe/character_gender/characters_of_this_gender	1319
/olympics/olympic_athlete/country./olympics/olympic_athlete_affiliation/sport	1320
/travel/transport_operator/travel_destinations_served./travel/transportation/transport_operator	1321
/film/producer/film	1322
/film/film_production_designer/films_production_designed	1323
/award/award_presenting_organization/awards_presented	1324
/award/hall_of_fame_induction_category/inductees./award/hall_of_fame_induction/inductee	1325
/royalty/noble_title/holders./royalty/noble_title_tenure/noble_person	1326
/comic_books/comic_book_character/regular_featured_appearances	1327
/architecture/architectural_structure_owner/structures_owned./architecture/ownership/structure	1328
/music/instrument/instrumentalists	1329
/olympics/olympic_medal/medal_winners./olympics/olympic_medal_honor/country	1330
/award/award_category/category_of	1331
/military/armed_force/personnel./military/military_service/rank	1332
/base/popstra/celebrity/supporter./base/popstra/support/supported_organization	1333
/aviation/airline/alliance	1334
/film/film_company/films./film/film_film_company_relationship/film	1335
/soccer/football_team_manager/team./soccer/football_team_management_tenure/team	1336
/book/school_or_movement/associated_authors	1337
/base/biblioness/bibs_location/city	1338
/sports/sports_championship/events	1339
/base/popstra/company/shopping_choice./base/popstra/shopping_choice/shopper	1340
/base/popstra/restaurant/restaurant_choice./base/popstra/restaurant_choice/diner	1341
/location/statistical_region/population./measurement_unit/dated_integer/source	1342
/base/thoroughbredracing/thoroughbred_racehorse/country	1343
/sports/sports_team/roster./ice_hockey/hockey_previous_roster_position/player	1344
/architecture/structure/owner./architecture/ownership/owner	1345
