person58	1
person102	2
person97	3
person24	4
person93	5
person2	6
person5	7
person49	8
person25	9
person74	10
person48	11
person50	12
person17	13
person99	14
person26	15
person69	16
person30	17
person3	18
person64	19
person46	20
person61	21
person29	22
person89	23
person85	24
person75	25
person96	26
person47	27
person12	28
person68	29
person87	30
person56	31
person19	32
person44	33
person83	34
person52	35
person66	36
person86	37
person103	38
person14	39
person36	40
person80	41
person94	42
person41	43
person63	44
person54	45
person8	46
person27	47
person73	48
person101	49
person91	50
person28	51
person21	52
person84	53
person35	54
person57	55
person39	56
person7	57
person37	58
person16	59
person82	60
person67	61
person95	62
person60	63
person40	64
person22	65
person42	66
person92	67
person72	68
person78	69
person77	70
person6	71
person10	72
person43	73
person13	74
person55	75
person34	76
person51	77
person59	78
person62	79
person20	80
person4	81
person90	82
person1	83
person81	84
person45	85
person70	86
person9	87
person33	88
person0	89
person18	90
person11	91
person79	92
person53	93
person31	94
person98	95
person23	96
person88	97
person100	98
person71	99
person15	100
person76	101
person32	102
person38	103
person65	104
